{"cameraMode":{"drawMode":0,"name":"Shaded","section":"Shading Mode"},"sceneLighting":true,"audioPlay":false,"sceneViewState":{"m_AlwaysRefresh":false,"showFog":true,"showSkybox":true,"showFlares":true,"showImageEffects":true,"showParticleSystems":true,"showVisualEffectGraphs":true,"m_FxEnabled":true},"in2DMode":false,"pivot":{"x":-0.26623034477233889,"y":0.48493701219558718,"z":-0.010367155075073243},"rotation":{"x":-0.16436639428138734,"y":0.5476019978523254,"z":-0.1107194572687149,"w":-0.8129324913024902},"size":3.353553056716919,"orthographic":false}